feature_set,depth,learning_rate,l2_reg,val_dir_acc,val_r2,val_mae,test_dir_acc,test_r2,test_mae,total_return,sharpe,max_drawdown,win_rate
price_only,3,0.01,3.0,0.5592,-0.0143,0.0314,0.533,-0.0206,0.0204,0.5427,1.2964,-0.2379,0.3886
price_vader,3,0.03,3.0,0.5545,-0.0566,0.0318,0.5142,-0.033,0.0203,0.5683,1.4036,-0.2756,0.346
price_finbert,4,0.01,10.0,0.5545,-0.0131,0.0315,0.5094,-0.0176,0.0203,0.5776,1.2932,-0.3736,0.4123
price_roberta,3,0.01,3.0,0.5545,-0.0191,0.0314,0.5377,-0.0186,0.0203,0.5188,1.1642,-0.3524,0.4645
all_features,2,0.03,10.0,0.5498,-0.0232,0.0316,0.5377,-0.0155,0.0203,0.2075,0.6753,-0.4715,0.4929
price_vader,3,0.03,5.0,0.5498,-0.0445,0.0316,0.533,-0.0222,0.0203,0.6471,1.4706,-0.3127,0.3697
price_finbert,6,0.03,1.0,0.5498,-0.0779,0.0323,0.4623,-0.0516,0.0207,0.2892,0.9138,-0.207,0.3128
price_vader,2,0.05,1.0,0.545,-0.0925,0.0323,0.5047,-0.0282,0.0203,0.2997,0.9367,-0.2669,0.3081
price_vader,3,0.01,10.0,0.545,-0.0061,0.0312,0.5283,-0.0131,0.0203,0.509,1.1543,-0.326,0.4597
price_roberta,2,0.01,1.0,0.545,-0.0149,0.0314,0.5377,-0.012,0.0202,0.4131,0.9973,-0.3793,0.4882
price_roberta,3,0.03,10.0,0.545,-0.0523,0.0319,0.5047,-0.01,0.0202,0.2342,0.7459,-0.3852,0.4076
price_finbert,6,0.01,10.0,0.545,-0.0194,0.0315,0.5142,-0.0171,0.0203,0.162,0.6036,-0.4115,0.3934
all_features,4,0.05,1.0,0.545,-0.0937,0.0325,0.4811,-0.0853,0.0211,0.1639,0.6508,-0.3307,0.2796
price_only,2,0.01,5.0,0.545,-0.0123,0.0313,0.5236,-0.0181,0.0203,0.598,1.299,-0.3104,0.436
price_vader,2,0.05,10.0,0.545,-0.0624,0.0318,0.5142,-0.0275,0.0204,0.2094,0.709,-0.2884,0.3602
price_vader,4,0.03,1.0,0.545,-0.058,0.0321,0.4717,-0.0508,0.0207,0.6214,1.5273,-0.2596,0.3081
price_vader,4,0.01,10.0,0.5403,-0.0052,0.0313,0.5142,-0.012,0.0203,0.6214,1.327,-0.3543,0.4408
price_vader,3,0.05,10.0,0.5403,-0.0513,0.0316,0.5094,-0.0254,0.0203,0.3085,0.9344,-0.2435,0.327
price_only,2,0.05,10.0,0.5403,-0.0847,0.0322,0.5283,-0.0062,0.0202,0.2734,0.8649,-0.2293,0.3318
price_vader,3,0.03,10.0,0.5403,-0.0343,0.0317,0.5189,-0.0147,0.0202,0.3619,0.9886,-0.3345,0.3744
price_vader,3,0.01,3.0,0.5403,-0.0086,0.0313,0.5142,-0.0174,0.0203,0.5217,1.1827,-0.3337,0.4455
price_only,3,0.01,10.0,0.5403,-0.0104,0.0313,0.5094,-0.0185,0.0203,0.5104,1.2047,-0.2681,0.3886
price_only,3,0.01,5.0,0.5403,-0.0126,0.0314,0.5377,-0.0195,0.0203,0.3895,1.0354,-0.2681,0.3886
price_roberta,3,0.03,5.0,0.5403,-0.0737,0.0323,0.5047,-0.0187,0.0203,0.1585,0.6069,-0.3445,0.3365
price_only,2,0.01,10.0,0.5403,-0.0099,0.0313,0.5,-0.0178,0.0203,0.5247,1.1985,-0.3193,0.4313
price_only,2,0.01,3.0,0.5403,-0.0131,0.0314,0.5142,-0.0189,0.0203,0.5823,1.2773,-0.3104,0.4313
price_vader,4,0.03,10.0,0.5403,-0.0378,0.0318,0.5283,-0.0206,0.0202,0.4888,1.2297,-0.2781,0.3507
price_vader,2,0.01,5.0,0.5403,-0.0081,0.0313,0.5377,-0.0127,0.0203,0.466,1.0744,-0.3698,0.4882
price_only,3,0.01,1.0,0.5355,-0.0175,0.0314,0.5283,-0.0212,0.0204,0.2173,0.7281,-0.274,0.3697
price_vader,4,0.05,5.0,0.5355,-0.0727,0.0321,0.4906,-0.0481,0.0204,0.1077,0.5006,-0.2635,0.2749
price_vader,4,0.01,3.0,0.5355,-0.0135,0.0315,0.5472,-0.0191,0.0203,0.6913,1.4461,-0.3141,0.3886
price_vader,3,0.01,1.0,0.5355,-0.0132,0.0313,0.5142,-0.019,0.0204,0.6061,1.3188,-0.2749,0.4171
price_vader,2,0.03,5.0,0.5355,-0.0376,0.0315,0.5047,-0.0251,0.0203,0.1496,0.5847,-0.3916,0.3886
price_vader,8,0.01,1.0,0.5308,-0.0207,0.0317,0.5,-0.0373,0.0205,0.6232,1.4206,-0.2804,0.3318
price_vader,8,0.05,10.0,0.5308,-0.0486,0.0322,0.4528,-0.0796,0.021,0.6138,1.5061,-0.2323,0.3081
price_finbert,8,0.05,3.0,0.5308,-0.0705,0.0321,0.5,-0.0325,0.0205,0.1989,0.7223,-0.2508,0.2938
price_finbert,6,0.01,5.0,0.5308,-0.0314,0.0318,0.5047,-0.0195,0.0203,0.2713,0.8285,-0.3349,0.3555
price_finbert,4,0.01,3.0,0.5308,-0.0223,0.0317,0.5047,-0.0198,0.0204,0.3494,0.9708,-0.33,0.3649
price_only,8,0.01,5.0,0.5308,-0.0288,0.0316,0.4953,-0.0338,0.0204,0.2665,0.8236,-0.2817,0.327
price_vader,3,0.01,5.0,0.5308,-0.0084,0.0313,0.5094,-0.0157,0.0203,0.3772,0.9607,-0.3899,0.4408
price_vader,4,0.01,5.0,0.5308,-0.0119,0.0314,0.5425,-0.014,0.0203,0.6006,1.3076,-0.2999,0.4076
price_vader,3,0.05,5.0,0.5308,-0.0876,0.0322,0.5047,-0.0382,0.0205,0.2269,0.7653,-0.2869,0.3223
price_vader,4,0.03,5.0,0.5308,-0.0622,0.032,0.5142,-0.034,0.0203,0.3771,1.0922,-0.2512,0.3128
price_only,4,0.01,10.0,0.5308,-0.0135,0.0314,0.5142,-0.0218,0.0203,0.3869,1.0227,-0.2735,0.3602
all_features,2,0.03,5.0,0.5308,-0.0378,0.0319,0.4953,-0.0208,0.0205,-0.0118,0.2502,-0.5369,0.4076
price_vader,2,0.05,3.0,0.5308,-0.0932,0.0324,0.4953,-0.0249,0.0203,0.2072,0.7329,-0.2507,0.3033
price_finbert,4,0.03,1.0,0.5308,-0.0782,0.0322,0.4717,-0.0406,0.0206,0.1711,0.6526,-0.3389,0.3081
price_roberta,3,0.01,10.0,0.5308,-0.0132,0.0314,0.533,-0.0145,0.0202,0.1963,0.6581,-0.4232,0.4692
price_vader,2,0.01,3.0,0.5308,-0.0093,0.0313,0.5283,-0.0133,0.0203,0.2823,0.8001,-0.3943,0.4739
price_only,8,0.05,10.0,0.5261,-0.0776,0.0324,0.4858,-0.0669,0.0209,0.5052,1.2855,-0.2833,0.2891
price_vader,2,0.03,10.0,0.5261,-0.0255,0.0315,0.4953,-0.025,0.0204,0.1606,0.5999,-0.3734,0.4123
price_only,2,0.01,1.0,0.5261,-0.0184,0.0314,0.5142,-0.0202,0.0203,0.4148,1.0301,-0.3684,0.4218
price_only,6,0.01,3.0,0.5261,-0.041,0.0319,0.4906,-0.0317,0.0204,0.2043,0.7112,-0.2236,0.327
price_only,3,0.05,10.0,0.5261,-0.0896,0.0321,0.4906,-0.0178,0.0203,0.1649,0.6265,-0.2448,0.3033
price_vader,4,0.05,10.0,0.5261,-0.0825,0.0323,0.4953,-0.047,0.0205,0.0863,0.4471,-0.3421,0.2891
all_features,4,0.01,1.0,0.5261,-0.022,0.0316,0.5142,-0.0208,0.0204,0.3062,0.8488,-0.4755,0.4313
price_roberta,3,0.01,5.0,0.5261,-0.017,0.0314,0.5236,-0.0157,0.0203,0.1303,0.542,-0.4673,0.4645
price_finbert,4,0.01,1.0,0.5261,-0.0266,0.0317,0.4953,-0.0206,0.0204,0.2623,0.8253,-0.3247,0.3507
price_roberta,3,0.01,1.0,0.5261,-0.0237,0.0315,0.5236,-0.0197,0.0203,0.2567,0.7666,-0.4459,0.4313
price_finbert,3,0.01,5.0,0.5261,-0.0107,0.0315,0.5189,-0.0139,0.0203,0.4731,1.1187,-0.3675,0.4313
price_only,2,0.03,5.0,0.5261,-0.0771,0.0321,0.5236,-0.0084,0.0202,0.1147,0.5116,-0.3487,0.3507
price_vader,2,0.01,1.0,0.5261,-0.0087,0.0313,0.5236,-0.0139,0.0203,0.3375,0.8916,-0.4133,0.455
price_vader,2,0.01,10.0,0.5261,-0.0065,0.0313,0.5472,-0.0116,0.0203,0.1314,0.5466,-0.4654,0.4976
price_roberta,4,0.01,10.0,0.5261,-0.0196,0.0315,0.5283,-0.0153,0.0203,0.3456,0.9086,-0.3572,0.4408
price_finbert,3,0.01,1.0,0.5261,-0.0145,0.0315,0.5283,-0.0169,0.0203,0.4846,1.1452,-0.373,0.4123
all_features,3,0.01,10.0,0.5213,-0.0075,0.0313,0.5425,-0.0101,0.0203,0.0611,0.4241,-0.4763,0.5118
price_only,4,0.05,10.0,0.5213,-0.083,0.032,0.5,-0.0444,0.0206,0.2044,0.7291,-0.2781,0.2749
price_vader,3,0.03,1.0,0.5213,-0.0694,0.0321,0.5377,-0.0267,0.0203,0.116,0.5176,-0.3538,0.3223
price_vader,3,0.05,1.0,0.5213,-0.0946,0.0325,0.4764,-0.0521,0.0207,0.1549,0.6137,-0.2819,0.2891
price_roberta,2,0.01,5.0,0.5213,-0.0103,0.0313,0.5425,-0.0109,0.0202,0.0714,0.44,-0.4937,0.4929
price_finbert,4,0.05,5.0,0.5213,-0.1051,0.0327,0.4434,-0.0485,0.0208,-0.0765,-0.017,-0.47,0.2891
price_finbert,3,0.01,3.0,0.5213,-0.0123,0.0314,0.5236,-0.0155,0.0203,0.3754,0.9756,-0.3653,0.4076
price_vader,2,0.03,3.0,0.5213,-0.0529,0.0317,0.5142,-0.0202,0.0203,0.0841,0.4422,-0.3244,0.3602
price_vader,2,0.03,1.0,0.5213,-0.0666,0.0319,0.5189,-0.0224,0.0203,0.0037,0.2541,-0.3807,0.3507
price_only,6,0.01,5.0,0.5213,-0.0268,0.0316,0.4764,-0.0304,0.0204,0.1206,0.5244,-0.2906,0.3365
all_features,2,0.01,5.0,0.5213,-0.0083,0.0313,0.5472,-0.0093,0.0203,0.0261,0.3598,-0.494,0.5213
all_features,2,0.01,3.0,0.5213,-0.0097,0.0314,0.5472,-0.0122,0.0203,0.0261,0.3598,-0.494,0.5213
all_features,2,0.01,1.0,0.5213,-0.0109,0.0314,0.5425,-0.0131,0.0203,0.0261,0.3598,-0.494,0.5213
all_features,2,0.01,10.0,0.5213,-0.0075,0.0313,0.5472,-0.0069,0.0202,0.0261,0.3598,-0.494,0.5213
all_features,3,0.01,5.0,0.5213,-0.0086,0.0314,0.5425,-0.012,0.0203,0.0608,0.4192,-0.4779,0.4929
all_features,3,0.01,3.0,0.5213,-0.0126,0.0314,0.5377,-0.0127,0.0203,0.1537,0.5843,-0.4932,0.4834
price_vader,4,0.03,3.0,0.5213,-0.0507,0.032,0.533,-0.0415,0.0205,0.3909,1.1152,-0.2781,0.2986
price_only,8,0.01,10.0,0.5213,-0.0222,0.0315,0.5,-0.0272,0.0204,0.2603,0.8138,-0.2566,0.3507
price_only,2,0.03,3.0,0.5213,-0.0794,0.0321,0.5236,-0.0079,0.0202,-0.0564,0.0862,-0.3628,0.3412
price_vader,2,0.05,5.0,0.5213,-0.0751,0.0321,0.5142,-0.0219,0.0202,0.2181,0.7538,-0.3201,0.3081
price_only,4,0.01,3.0,0.5166,-0.0206,0.0315,0.5142,-0.0243,0.0204,0.0764,0.4245,-0.3181,0.346
price_vader,4,0.05,1.0,0.5166,-0.0899,0.0324,0.5047,-0.0498,0.0205,0.0241,0.2802,-0.2937,0.2796
price_only,3,0.03,3.0,0.5166,-0.0738,0.032,0.5,-0.0323,0.0205,0.126,0.5403,-0.2638,0.3033
all_features,3,0.03,10.0,0.5166,-0.0319,0.0317,0.5142,-0.0162,0.0204,0.0497,0.3796,-0.5345,0.4076
all_features,4,0.01,3.0,0.5166,-0.0193,0.0315,0.5283,-0.0147,0.0203,0.1306,0.5418,-0.4518,0.4408
price_only,3,0.05,1.0,0.5166,-0.1157,0.0326,0.4953,-0.0241,0.0205,0.1124,0.5088,-0.2612,0.2701
price_vader,6,0.01,10.0,0.5166,-0.0069,0.0313,0.5283,-0.0182,0.0203,0.625,1.3529,-0.2742,0.3839
price_finbert,4,0.03,10.0,0.5166,-0.0496,0.032,0.4953,-0.0195,0.0204,0.094,0.4626,-0.3623,0.2986
price_finbert,3,0.03,10.0,0.5166,-0.0393,0.0319,0.4811,-0.0204,0.0205,0.2461,0.7917,-0.2519,0.3175
price_roberta,4,0.03,10.0,0.5166,-0.0641,0.0322,0.5047,-0.0257,0.0203,0.0648,0.3961,-0.3856,0.327
price_roberta,2,0.01,3.0,0.5166,-0.0121,0.0313,0.533,-0.01,0.0202,0.015,0.333,-0.5204,0.4882
price_roberta,2,0.03,1.0,0.5166,-0.0829,0.0323,0.4858,-0.0093,0.0202,-0.1855,-0.2289,-0.4459,0.3602
price_roberta,2,0.03,10.0,0.5166,-0.0388,0.0317,0.5377,-0.0135,0.0203,-0.0554,0.1458,-0.441,0.4218
price_finbert,4,0.01,5.0,0.5166,-0.0178,0.0316,0.5094,-0.0184,0.0203,0.2767,0.8246,-0.397,0.3744
price_only,2,0.03,10.0,0.5118,-0.0573,0.0318,0.5425,-0.013,0.0203,0.006,0.2491,-0.3392,0.3365
price_roberta,2,0.03,3.0,0.5118,-0.0746,0.0321,0.4906,-0.012,0.0203,-0.1943,-0.257,-0.4664,0.3649
price_roberta,2,0.05,1.0,0.5118,-0.1183,0.0328,0.5047,0.0025,0.0202,-0.0897,0.0134,-0.4101,0.3175
price_finbert,4,0.05,3.0,0.5118,-0.0988,0.0325,0.4623,-0.0646,0.021,0.0931,0.4598,-0.3844,0.2891
price_roberta,2,0.01,10.0,0.5118,-0.0094,0.0313,0.5425,-0.0093,0.0202,0.0126,0.3329,-0.5215,0.5024
price_finbert,2,0.01,1.0,0.5118,-0.0115,0.0315,0.5283,-0.0158,0.0203,0.2073,0.6775,-0.4149,0.455
price_finbert,2,0.01,3.0,0.5118,-0.0102,0.0314,0.5472,-0.0157,0.0203,0.1825,0.6342,-0.462,0.4597
price_vader,6,0.05,1.0,0.5118,-0.1172,0.0329,0.4528,-0.1271,0.0213,0.0583,0.3748,-0.4251,0.3033
price_roberta,6,0.01,10.0,0.5118,-0.0233,0.0316,0.533,-0.0249,0.0203,0.0199,0.2955,-0.4652,0.3649
all_features,3,0.05,1.0,0.5118,-0.102,0.0326,0.4764,-0.0816,0.0209,0.0183,0.2729,-0.3782,0.2749
all_features,3,0.05,10.0,0.5118,-0.0648,0.0323,0.4811,-0.0386,0.0206,0.1132,0.5051,-0.3934,0.3223
price_vader,8,0.01,10.0,0.5118,-0.0076,0.0314,0.4953,-0.0188,0.0204,0.312,0.8771,-0.3104,0.3744
price_vader,8,0.05,1.0,0.5118,-0.0747,0.0326,0.4575,-0.153,0.0217,0.3758,1.036,-0.265,0.2986
all_features,3,0.01,1.0,0.5118,-0.0176,0.0315,0.533,-0.0163,0.0203,0.0189,0.3222,-0.5392,0.4502
all_features,4,0.01,10.0,0.5118,-0.0139,0.0314,0.5802,-0.0088,0.0202,0.0316,0.3619,-0.4394,0.4787
all_features,4,0.01,5.0,0.5118,-0.0181,0.0315,0.5519,-0.0132,0.0203,0.0009,0.2917,-0.5263,0.4502
price_only,4,0.03,5.0,0.5118,-0.0881,0.0323,0.4811,-0.0293,0.0205,0.1188,0.5236,-0.2752,0.2891
price_vader,8,0.05,5.0,0.5118,-0.0789,0.0324,0.4764,-0.1037,0.0211,0.2808,0.862,-0.3584,0.3033
price_only,3,0.03,5.0,0.5118,-0.0713,0.032,0.5,-0.0219,0.0204,0.0661,0.3959,-0.2944,0.2938
price_roberta,3,0.05,10.0,0.5071,-0.0998,0.0326,0.4953,-0.0295,0.0204,-0.0702,0.0544,-0.3692,0.3128
price_finbert,8,0.01,10.0,0.5071,-0.0237,0.0316,0.5047,-0.0159,0.0202,0.2003,0.6742,-0.4283,0.3791
price_only,4,0.01,5.0,0.5071,-0.0167,0.0314,0.5142,-0.0238,0.0204,0.0311,0.318,-0.2911,0.3318
price_only,3,0.03,10.0,0.5071,-0.0641,0.0319,0.4906,-0.0205,0.0204,0.0201,0.2798,-0.2766,0.2891
all_features,8,0.01,10.0,0.5071,-0.02,0.0316,0.5283,-0.0129,0.0202,0.0144,0.3139,-0.5168,0.436
all_features,8,0.01,1.0,0.5071,-0.0373,0.0319,0.5047,-0.0326,0.0204,0.2073,0.7045,-0.431,0.327
price_finbert,3,0.03,3.0,0.5071,-0.058,0.0321,0.4811,-0.0328,0.0207,-0.0067,0.2112,-0.4201,0.2891
price_finbert,3,0.01,10.0,0.5071,-0.0114,0.0314,0.5377,-0.0131,0.0203,0.0684,0.4252,-0.4646,0.4455
price_roberta,4,0.01,1.0,0.5071,-0.0316,0.0318,0.4906,-0.0213,0.0203,-0.076,0.0664,-0.4936,0.3602
price_finbert,4,0.05,10.0,0.5071,-0.073,0.0323,0.4953,-0.0351,0.0206,0.0096,0.2486,-0.453,0.2938
price_only,8,0.03,5.0,0.5071,-0.0651,0.0323,0.4906,-0.0913,0.0209,0.1733,0.6386,-0.3925,0.2891
price_finbert,2,0.01,5.0,0.5071,-0.0087,0.0314,0.5425,-0.0146,0.0203,0.1551,0.5861,-0.4467,0.4692
price_vader,4,0.05,3.0,0.5071,-0.0887,0.0323,0.4906,-0.0694,0.0207,0.1059,0.4957,-0.2672,0.2796
price_only,8,0.01,3.0,0.5071,-0.0334,0.0318,0.5283,-0.0408,0.0204,0.1241,0.5294,-0.3115,0.3175
price_roberta,8,0.03,3.0,0.5071,-0.1234,0.0333,0.5236,-0.063,0.0207,-0.0755,0.0161,-0.4562,0.2749
price_finbert,2,0.03,10.0,0.5071,-0.0302,0.0318,0.5,-0.019,0.0205,0.0948,0.4653,-0.3387,0.3507
price_only,4,0.01,1.0,0.5071,-0.0282,0.0315,0.5047,-0.024,0.0204,0.0261,0.3076,-0.3297,0.3365
price_only,4,0.03,10.0,0.5071,-0.0658,0.032,0.4858,-0.0262,0.0204,0.1592,0.6197,-0.2916,0.2654
price_only,2,0.03,1.0,0.5071,-0.0892,0.0323,0.5283,-0.0053,0.0202,-0.0185,0.1741,-0.3776,0.3081
price_only,2,0.05,1.0,0.5071,-0.1184,0.0326,0.5142,-0.0027,0.0202,0.1466,0.589,-0.2276,0.2891
price_only,2,0.05,3.0,0.5071,-0.1035,0.0324,0.5377,0.0018,0.0201,0.2051,0.7295,-0.2586,0.2891
price_finbert,3,0.05,3.0,0.5071,-0.0823,0.0325,0.4811,-0.0375,0.0207,0.0336,0.314,-0.4028,0.2891
price_vader,6,0.03,10.0,0.5071,-0.0463,0.0321,0.4858,-0.037,0.0205,0.1741,0.6595,-0.2829,0.2844
price_vader,6,0.03,5.0,0.5071,-0.0582,0.0323,0.5189,-0.0403,0.0204,0.0622,0.3864,-0.3569,0.2986
price_only,8,0.01,1.0,0.5071,-0.0416,0.032,0.4717,-0.0503,0.0206,0.1851,0.6709,-0.3156,0.2986
price_only,8,0.03,1.0,0.5024,-0.0657,0.0324,0.4906,-0.0939,0.0209,0.2516,0.811,-0.2989,0.2844
all_features,4,0.05,10.0,0.5024,-0.0792,0.0326,0.5,-0.0364,0.0206,0.0799,0.4292,-0.4147,0.2938
price_roberta,2,0.05,5.0,0.5024,-0.1059,0.0325,0.5,-0.0089,0.0203,-0.251,-0.4846,-0.4704,0.3175
price_finbert,6,0.01,1.0,0.5024,-0.0369,0.0318,0.4717,-0.03,0.0204,0.0124,0.2504,-0.3684,0.3081
price_finbert,6,0.05,10.0,0.5024,-0.0764,0.0323,0.4906,-0.0291,0.0205,0.0585,0.3758,-0.391,0.2749
price_finbert,6,0.05,1.0,0.5024,-0.1149,0.0327,0.4528,-0.0709,0.0209,-0.0093,0.1925,-0.3551,0.2796
price_finbert,6,0.05,5.0,0.5024,-0.0956,0.0323,0.4623,-0.038,0.0206,-0.0872,-0.0644,-0.3279,0.2749
price_finbert,3,0.05,1.0,0.5024,-0.0933,0.0326,0.4623,-0.0388,0.0209,0.0431,0.3292,-0.3177,0.2607
price_finbert,4,0.03,5.0,0.5024,-0.0722,0.0323,0.5094,-0.0297,0.0205,0.0168,0.271,-0.3672,0.3033
all_features,2,0.05,10.0,0.5024,-0.0425,0.0319,0.4858,-0.0341,0.0206,-0.203,-0.2511,-0.5194,0.3649
all_features,3,0.03,5.0,0.5024,-0.0502,0.032,0.4858,-0.0307,0.0205,-0.0297,0.164,-0.4313,0.3128
price_only,3,0.03,1.0,0.5024,-0.0805,0.0321,0.5047,-0.0212,0.0203,0.0464,0.3403,-0.3259,0.2701
price_vader,4,0.01,1.0,0.5024,-0.0274,0.0317,0.5189,-0.0231,0.0204,0.4267,1.0785,-0.3567,0.3602
price_only,4,0.03,3.0,0.5024,-0.0784,0.0322,0.4764,-0.0145,0.0205,0.06,0.3778,-0.3723,0.2654
all_features,8,0.05,10.0,0.5024,-0.0677,0.0323,0.5142,-0.0421,0.0205,-0.0092,0.2116,-0.4028,0.2891
all_features,8,0.01,5.0,0.5024,-0.0228,0.0316,0.5094,-0.0115,0.0202,0.0482,0.3694,-0.4638,0.3934
all_features,8,0.03,1.0,0.5024,-0.0954,0.0328,0.4811,-0.0603,0.0207,0.0941,0.4628,-0.3869,0.2844
price_vader,6,0.03,1.0,0.4976,-0.0788,0.0323,0.5,-0.0831,0.0208,0.0184,0.2658,-0.3639,0.2844
price_finbert,2,0.01,10.0,0.4976,-0.0079,0.0314,0.5472,-0.0131,0.0203,0.0044,0.3103,-0.4843,0.4739
price_finbert,2,0.03,5.0,0.4976,-0.0402,0.032,0.4528,-0.0212,0.0205,0.1144,0.5077,-0.3494,0.3175
price_only,3,0.05,5.0,0.4976,-0.0969,0.0323,0.4906,-0.0242,0.0205,0.0559,0.37,-0.2885,0.2701
price_finbert,6,0.03,3.0,0.4976,-0.0883,0.0327,0.4764,-0.0378,0.0205,0.068,0.3973,-0.385,0.2607
all_features,6,0.01,10.0,0.4976,-0.0149,0.0314,0.5566,-0.0101,0.0203,-0.0384,0.2211,-0.543,0.4692
all_features,2,0.05,1.0,0.4976,-0.0557,0.0319,0.4764,-0.0442,0.0206,-0.2304,-0.4619,-0.4631,0.3081
price_only,4,0.05,3.0,0.4976,-0.1265,0.0326,0.5283,-0.032,0.0204,-0.0188,0.1787,-0.4434,0.2749
price_finbert,4,0.05,1.0,0.4976,-0.11,0.0328,0.4434,-0.0625,0.021,0.1684,0.6262,-0.4014,0.2938
price_roberta,3,0.05,5.0,0.4976,-0.1175,0.0329,0.5189,-0.0393,0.0205,-0.162,-0.2124,-0.4563,0.3033
price_roberta,2,0.05,3.0,0.4976,-0.1177,0.0328,0.5142,-0.0015,0.0203,-0.2766,-0.569,-0.4691,0.3033
price_finbert,3,0.05,5.0,0.4976,-0.0747,0.0324,0.467,-0.034,0.0207,0.0436,0.3373,-0.3518,0.2796
price_only,6,0.03,3.0,0.4976,-0.1027,0.0327,0.4906,-0.0615,0.0208,-0.138,-0.1708,-0.4197,0.2796
price_only,4,0.05,5.0,0.4976,-0.1178,0.0326,0.4953,-0.0437,0.0207,0.0144,0.2621,-0.3032,0.2749
price_roberta,4,0.05,10.0,0.4929,-0.1255,0.0331,0.5283,-0.034,0.0204,-0.0323,0.1491,-0.3719,0.2891
price_finbert,3,0.05,10.0,0.4929,-0.0702,0.0324,0.4811,-0.0252,0.0206,0.0815,0.4322,-0.3447,0.2796
all_features,6,0.03,5.0,0.4929,-0.0664,0.0322,0.4623,-0.0397,0.0204,-0.0313,0.1323,-0.4267,0.2796
price_finbert,8,0.01,1.0,0.4929,-0.0405,0.0319,0.4623,-0.0312,0.0204,0.0356,0.3227,-0.2281,0.3033
price_roberta,3,0.05,1.0,0.4929,-0.1409,0.0332,0.5,-0.0364,0.0206,-0.1985,-0.3578,-0.4393,0.2654
price_finbert,6,0.01,3.0,0.4929,-0.031,0.0317,0.5047,-0.0247,0.0204,-0.1173,-0.0769,-0.5128,0.3081
price_roberta,2,0.05,10.0,0.4929,-0.0855,0.0322,0.5047,-0.0117,0.0203,-0.3281,-0.7315,-0.4928,0.327
price_roberta,3,0.03,1.0,0.4929,-0.1078,0.0326,0.5283,-0.0217,0.0204,-0.187,-0.288,-0.4724,0.2938
price_finbert,4,0.03,3.0,0.4929,-0.0856,0.0325,0.467,-0.0281,0.0206,-0.042,0.1172,-0.3869,0.2796
price_roberta,6,0.01,1.0,0.4929,-0.057,0.0322,0.4858,-0.0323,0.0204,-0.0632,0.0626,-0.4327,0.3081
price_only,2,0.05,5.0,0.4929,-0.0996,0.0324,0.5283,-0.0034,0.0202,-0.0665,0.0433,-0.3925,0.2938
price_roberta,4,0.01,3.0,0.4929,-0.0211,0.0316,0.4906,-0.0212,0.0204,0.0175,0.3068,-0.4843,0.3744
price_finbert,8,0.03,5.0,0.4929,-0.0727,0.0323,0.4858,-0.0314,0.0204,-0.0344,0.129,-0.4474,0.2749
price_finbert,6,0.03,5.0,0.4929,-0.0737,0.0323,0.5094,-0.0278,0.0204,-0.0445,0.1026,-0.4149,0.2796
price_finbert,2,0.03,1.0,0.4929,-0.0517,0.0321,0.4764,-0.0288,0.0206,-0.0878,-0.0319,-0.2912,0.2986
price_only,6,0.01,10.0,0.4929,-0.0223,0.0315,0.5,-0.0204,0.0203,-0.0683,0.0631,-0.3979,0.3318
all_features,2,0.03,1.0,0.4929,-0.0527,0.032,0.4858,-0.032,0.0205,-0.2645,-0.4996,-0.4514,0.3412
price_only,6,0.01,1.0,0.4929,-0.044,0.0319,0.4717,-0.0414,0.0205,-0.0744,0.0327,-0.3458,0.3081
price_vader,6,0.01,5.0,0.4929,-0.0175,0.0315,0.5142,-0.0209,0.0204,0.2842,0.8355,-0.3762,0.346
price_vader,3,0.05,3.0,0.4929,-0.0988,0.0325,0.5236,-0.0331,0.0203,-0.1253,-0.1465,-0.4051,0.2938
price_roberta,6,0.05,10.0,0.4929,-0.1271,0.0331,0.5425,-0.043,0.0203,-0.1368,-0.1431,-0.3831,0.2844
price_roberta,6,0.01,5.0,0.4929,-0.0291,0.0318,0.5,-0.027,0.0203,-0.0787,0.0541,-0.4104,0.3365
price_finbert,2,0.05,10.0,0.4929,-0.0574,0.0323,0.4528,-0.0224,0.0205,-0.0091,0.2091,-0.3498,0.3081
price_finbert,2,0.03,3.0,0.4929,-0.045,0.0321,0.4528,-0.0247,0.0205,0.0222,0.2921,-0.3412,0.3128
price_vader,6,0.05,10.0,0.4929,-0.0796,0.0326,0.4717,-0.0635,0.0208,0.1111,0.5114,-0.3638,0.2796
price_roberta,2,0.03,5.0,0.4929,-0.0669,0.032,0.5094,-0.0143,0.0203,-0.1854,-0.2228,-0.422,0.3744
price_roberta,4,0.01,5.0,0.4929,-0.0202,0.0316,0.5047,-0.0198,0.0203,-0.1614,-0.1377,-0.5197,0.3791
price_roberta,3,0.03,3.0,0.4929,-0.1007,0.0326,0.4953,-0.0254,0.0203,-0.2273,-0.415,-0.4542,0.3128
price_roberta,4,0.05,1.0,0.4882,-0.1641,0.0334,0.5142,-0.0295,0.0204,-0.1578,-0.2323,-0.4129,0.2559
all_features,6,0.01,3.0,0.4882,-0.0265,0.0317,0.5047,-0.0168,0.0203,-0.1545,-0.1167,-0.5662,0.3744
all_features,2,0.03,3.0,0.4882,-0.0439,0.032,0.467,-0.0254,0.0205,-0.2527,-0.3813,-0.4992,0.3555
all_features,4,0.03,10.0,0.4882,-0.0446,0.0321,0.5142,-0.0228,0.0204,0.0165,0.2828,-0.471,0.327
all_features,3,0.05,3.0,0.4882,-0.0897,0.0326,0.4575,-0.0687,0.0207,-0.1048,-0.0874,-0.4421,0.2701
price_only,6,0.05,3.0,0.4882,-0.1405,0.0332,0.5,-0.104,0.0212,-0.1329,-0.1307,-0.4201,0.2654
price_only,6,0.05,5.0,0.4882,-0.1202,0.0327,0.5094,-0.0847,0.0211,-0.1346,-0.1672,-0.3775,0.2749
price_finbert,8,0.03,10.0,0.4882,-0.066,0.032,0.4717,-0.0407,0.0206,-0.057,0.0973,-0.3712,0.2938
all_features,6,0.05,1.0,0.4882,-0.1246,0.0335,0.4906,-0.098,0.0212,-0.065,0.061,-0.5146,0.2749
price_finbert,8,0.01,3.0,0.4882,-0.0354,0.0318,0.467,-0.0272,0.0204,-0.2019,-0.2872,-0.4991,0.3223
all_features,6,0.01,5.0,0.4882,-0.0217,0.0316,0.5236,-0.0175,0.0203,-0.169,-0.1334,-0.5869,0.3934
all_features,6,0.05,5.0,0.4882,-0.1192,0.033,0.4764,-0.0588,0.0208,0.0246,0.2897,-0.4254,0.2607
price_roberta,3,0.05,3.0,0.4882,-0.1264,0.033,0.4953,-0.031,0.0205,-0.1114,-0.0815,-0.4194,0.2749
price_vader,8,0.05,3.0,0.4882,-0.0693,0.0326,0.4623,-0.1288,0.0214,0.0682,0.4013,-0.3063,0.2891
price_only,8,0.03,10.0,0.4882,-0.0615,0.032,0.4858,-0.0479,0.0207,-0.1254,-0.1304,-0.3789,0.2844
price_vader,6,0.05,5.0,0.4882,-0.1054,0.0329,0.4528,-0.0975,0.0209,0.0746,0.4153,-0.3431,0.2749
price_vader,8,0.01,5.0,0.4882,-0.0228,0.0316,0.4717,-0.0191,0.0205,0.1681,0.6192,-0.257,0.327
all_features,3,0.03,1.0,0.4882,-0.076,0.0323,0.4528,-0.0583,0.0208,0.0784,0.4269,-0.3658,0.2938
price_roberta,4,0.03,5.0,0.4882,-0.0815,0.0324,0.4906,-0.0269,0.0203,-0.2038,-0.3703,-0.4205,0.2891
price_finbert,8,0.05,5.0,0.4882,-0.0939,0.0324,0.5,-0.0502,0.0207,-0.1366,-0.2122,-0.3913,0.2559
price_roberta,4,0.05,5.0,0.4834,-0.1504,0.0332,0.4858,-0.0465,0.0205,-0.2991,-0.6609,-0.5189,0.2844
all_features,6,0.03,10.0,0.4834,-0.0487,0.0319,0.4811,-0.0305,0.0204,0.0256,0.3049,-0.4975,0.3128
price_finbert,8,0.01,5.0,0.4834,-0.0279,0.0317,0.5094,-0.0209,0.0203,-0.1539,-0.1423,-0.5057,0.327
price_roberta,6,0.03,3.0,0.4834,-0.1158,0.033,0.5047,-0.0525,0.0206,-0.1398,-0.2092,-0.4084,0.2464
all_features,4,0.03,3.0,0.4834,-0.0802,0.0324,0.4953,-0.0487,0.0207,-0.2101,-0.3757,-0.4834,0.2891
price_only,4,0.03,1.0,0.4834,-0.1016,0.0325,0.4953,-0.0263,0.0205,-0.0388,0.1019,-0.3175,0.2512
price_only,6,0.05,10.0,0.4834,-0.1072,0.0329,0.4717,-0.0816,0.0211,-0.0434,0.0988,-0.3498,0.2512
all_features,4,0.03,5.0,0.4834,-0.0726,0.0324,0.4906,-0.0337,0.0205,-0.2262,-0.3807,-0.5001,0.3175
price_only,6,0.03,5.0,0.4834,-0.0904,0.0328,0.4811,-0.0594,0.0208,-0.0361,0.1406,-0.36,0.2654
price_vader,6,0.03,3.0,0.4834,-0.0743,0.0324,0.4906,-0.0606,0.0207,-0.0889,-0.0239,-0.3941,0.2938
price_finbert,3,0.03,5.0,0.4834,-0.059,0.0321,0.4623,-0.03,0.0206,-0.1763,-0.3022,-0.4823,0.2749
price_only,8,0.05,5.0,0.4834,-0.1246,0.033,0.4953,-0.0852,0.021,-0.0226,0.1775,-0.4379,0.2891
price_only,8,0.03,3.0,0.4834,-0.0868,0.0326,0.4811,-0.0856,0.021,-0.0494,0.1061,-0.3963,0.2749
price_finbert,8,0.05,10.0,0.4834,-0.0803,0.0326,0.4953,-0.0421,0.0206,0.0207,0.2674,-0.3293,0.2607
price_roberta,8,0.05,10.0,0.4834,-0.0998,0.033,0.5283,-0.0532,0.0205,-0.1232,-0.127,-0.3846,0.2701
price_roberta,6,0.05,5.0,0.4787,-0.1315,0.0329,0.5047,-0.0971,0.0209,-0.1916,-0.3832,-0.4171,0.2417
price_roberta,8,0.01,10.0,0.4787,-0.0236,0.0316,0.5283,-0.024,0.0203,-0.2256,-0.3955,-0.4448,0.3365
price_roberta,8,0.01,3.0,0.4787,-0.0432,0.032,0.4906,-0.035,0.0205,-0.2615,-0.5427,-0.5282,0.2938
all_features,4,0.03,1.0,0.4787,-0.0875,0.0325,0.4858,-0.0552,0.0208,-0.2747,-0.6457,-0.4879,0.2701
price_only,3,0.05,3.0,0.4787,-0.1129,0.0326,0.4906,-0.031,0.0205,-0.0828,-0.0032,-0.3031,0.2701
price_only,8,0.05,1.0,0.4787,-0.1373,0.0335,0.5,-0.1459,0.0215,-0.1909,-0.3122,-0.429,0.2749
price_only,6,0.05,1.0,0.4787,-0.1514,0.0333,0.4717,-0.1302,0.0215,-0.0636,0.0629,-0.4149,0.2654
all_features,3,0.05,5.0,0.4787,-0.0733,0.0323,0.4575,-0.057,0.0206,-0.2006,-0.3474,-0.5037,0.2844
price_vader,6,0.01,1.0,0.4787,-0.0164,0.0316,0.4717,-0.0295,0.0205,0.1754,0.6329,-0.3683,0.3223
price_finbert,6,0.03,10.0,0.4787,-0.0674,0.0323,0.4906,-0.0218,0.0203,0.0784,0.4251,-0.4319,0.2796
all_features,2,0.05,3.0,0.4739,-0.0593,0.032,0.467,-0.0452,0.0207,-0.3064,-0.6766,-0.4562,0.3033
price_roberta,4,0.03,3.0,0.4739,-0.0971,0.0326,0.5094,-0.0356,0.0204,-0.2944,-0.6846,-0.5014,0.2654
all_features,4,0.05,3.0,0.4739,-0.0981,0.0327,0.4481,-0.0703,0.0209,-0.1903,-0.3719,-0.4239,0.2464
price_finbert,6,0.05,3.0,0.4739,-0.1282,0.033,0.4575,-0.0565,0.0207,-0.2389,-0.5559,-0.4055,0.2464
price_roberta,4,0.03,1.0,0.4739,-0.1023,0.0327,0.4717,-0.033,0.0205,-0.2153,-0.448,-0.3577,0.2464
price_roberta,6,0.03,5.0,0.4739,-0.1019,0.0327,0.5189,-0.0341,0.0203,-0.2261,-0.4699,-0.4447,0.2701
price_vader,6,0.01,3.0,0.4739,-0.0255,0.0317,0.5189,-0.0202,0.0204,0.1176,0.5138,-0.3824,0.3318
price_only,6,0.03,10.0,0.4739,-0.0667,0.0323,0.4623,-0.0494,0.0207,-0.1577,-0.2347,-0.4712,0.2654
price_finbert,3,0.03,1.0,0.4739,-0.0671,0.0323,0.4717,-0.0273,0.0206,-0.1714,-0.2682,-0.4877,0.2701
price_roberta,8,0.03,5.0,0.4739,-0.1008,0.0328,0.4858,-0.0635,0.0208,-0.2599,-0.5447,-0.5575,0.2559
price_vader,8,0.03,5.0,0.4739,-0.063,0.0323,0.5189,-0.0397,0.0205,0.0533,0.3638,-0.4375,0.2607
price_roberta,6,0.05,3.0,0.4692,-0.162,0.0336,0.5708,-0.0585,0.0204,-0.2044,-0.4556,-0.4566,0.2275
price_roberta,8,0.01,1.0,0.4692,-0.0593,0.0323,0.5,-0.041,0.0205,-0.2769,-0.6,-0.5573,0.2844
all_features,6,0.01,1.0,0.4692,-0.0333,0.0319,0.4906,-0.0246,0.0203,-0.2196,-0.3205,-0.5267,0.3318
price_finbert,8,0.05,1.0,0.4692,-0.1094,0.0328,0.4245,-0.0846,0.0212,-0.3111,-0.7714,-0.4939,0.2464
all_features,8,0.03,5.0,0.4692,-0.0647,0.0324,0.467,-0.0409,0.0205,-0.1539,-0.1945,-0.4162,0.2938
all_features,8,0.01,3.0,0.4692,-0.0427,0.0319,0.5189,-0.016,0.0202,-0.2692,-0.4812,-0.5602,0.3318
all_features,2,0.05,5.0,0.4692,-0.0635,0.0322,0.4906,-0.0365,0.0206,-0.2476,-0.4599,-0.4826,0.3081
price_only,6,0.03,1.0,0.4692,-0.1086,0.0329,0.4906,-0.0718,0.0208,-0.1593,-0.2288,-0.4451,0.2464
price_only,8,0.05,3.0,0.4692,-0.1223,0.0333,0.4858,-0.1015,0.021,-0.1134,-0.0626,-0.4973,0.2701
price_roberta,4,0.05,3.0,0.4692,-0.1336,0.0332,0.5094,-0.055,0.0207,-0.3111,-0.7261,-0.4663,0.2701
price_roberta,6,0.03,10.0,0.4692,-0.0883,0.0325,0.5189,-0.0172,0.0202,-0.2237,-0.4126,-0.5174,0.2891
price_vader,8,0.01,3.0,0.4692,-0.0212,0.0317,0.467,-0.0275,0.0205,0.0818,0.4344,-0.2998,0.3128
price_roberta,8,0.05,3.0,0.4645,-0.1755,0.0339,0.5236,-0.1024,0.0209,-0.3042,-0.7767,-0.4542,0.2275
price_roberta,6,0.01,3.0,0.4645,-0.0433,0.032,0.4953,-0.0237,0.0203,-0.2911,-0.5943,-0.5588,0.3223
all_features,8,0.05,1.0,0.4645,-0.1606,0.0338,0.5,-0.079,0.021,-0.3531,-0.8874,-0.5739,0.2607
price_roberta,6,0.05,1.0,0.4645,-0.158,0.0337,0.5425,-0.0888,0.0207,-0.3233,-0.8129,-0.4845,0.2464
price_finbert,8,0.03,3.0,0.4645,-0.0865,0.0323,0.4623,-0.0444,0.0207,-0.3725,-1.0213,-0.5415,0.2464
price_roberta,8,0.01,5.0,0.4645,-0.0392,0.0319,0.5236,-0.0301,0.0204,-0.3093,-0.6581,-0.528,0.3223
all_features,8,0.03,3.0,0.4645,-0.1023,0.033,0.4811,-0.0569,0.0207,-0.2659,-0.5233,-0.4818,0.2891
price_roberta,8,0.05,5.0,0.4597,-0.1369,0.0333,0.5519,-0.0978,0.0209,-0.3019,-0.7501,-0.5163,0.2322
price_finbert,2,0.05,5.0,0.4597,-0.0619,0.0323,0.4434,-0.0321,0.0207,-0.1922,-0.3954,-0.3456,0.2607
price_roberta,8,0.03,1.0,0.4597,-0.1126,0.0332,0.4906,-0.0702,0.0209,-0.3185,-0.7711,-0.5068,0.2654
all_features,6,0.05,3.0,0.4597,-0.1079,0.0327,0.4858,-0.0545,0.0207,-0.2251,-0.402,-0.4887,0.2559
all_features,4,0.05,5.0,0.4597,-0.0901,0.0328,0.4906,-0.0738,0.021,-0.1918,-0.3363,-0.5417,0.2559
all_features,6,0.03,3.0,0.455,-0.0841,0.0328,0.4858,-0.0447,0.0205,-0.3104,-0.7026,-0.511,0.2701
all_features,6,0.05,10.0,0.455,-0.1233,0.0332,0.4387,-0.0362,0.0207,-0.3974,-1.1546,-0.5009,0.2559
price_vader,8,0.03,1.0,0.455,-0.0677,0.0326,0.4434,-0.1055,0.021,0.0077,0.2311,-0.3448,0.2559
price_roberta,8,0.03,10.0,0.455,-0.0726,0.0324,0.5283,-0.0361,0.0204,-0.254,-0.5301,-0.5034,0.2796
all_features,8,0.05,3.0,0.455,-0.1394,0.0335,0.4434,-0.0716,0.0208,-0.3114,-0.7442,-0.5449,0.2701
price_only,4,0.05,1.0,0.455,-0.1488,0.033,0.5142,-0.0495,0.0206,-0.2533,-0.5567,-0.446,0.2464
price_vader,8,0.03,10.0,0.4502,-0.0407,0.032,0.4953,-0.0416,0.0205,-0.0969,-0.0422,-0.4489,0.2749
all_features,8,0.05,5.0,0.4502,-0.1101,0.0332,0.5283,-0.0651,0.0207,-0.3379,-0.8311,-0.5361,0.237
price_finbert,2,0.05,3.0,0.4502,-0.0719,0.0325,0.4575,-0.0268,0.0206,-0.2879,-0.8196,-0.4212,0.2559
price_vader,8,0.03,3.0,0.4502,-0.0677,0.0324,0.4717,-0.078,0.0209,-0.276,-0.7257,-0.4673,0.2559
all_features,3,0.03,3.0,0.4455,-0.0627,0.0322,0.4906,-0.0387,0.0206,-0.3399,-0.7913,-0.5283,0.2749
price_vader,6,0.05,3.0,0.4455,-0.1009,0.033,0.4528,-0.0962,0.021,-0.358,-1.0192,-0.5242,0.2654
price_roberta,6,0.03,1.0,0.4408,-0.156,0.0336,0.5142,-0.0727,0.0207,-0.4271,-1.3734,-0.5042,0.1943
all_features,6,0.03,1.0,0.4408,-0.1204,0.0333,0.4198,-0.0734,0.0209,-0.3653,-0.9378,-0.5495,0.2796
price_roberta,8,0.05,1.0,0.436,-0.1439,0.0337,0.4481,-0.1228,0.0215,-0.2929,-0.6122,-0.5261,0.2322
price_finbert,8,0.03,1.0,0.4313,-0.0577,0.0322,0.4528,-0.0522,0.0208,-0.2438,-0.5813,-0.4239,0.2322
price_finbert,2,0.05,1.0,0.4313,-0.0847,0.0327,0.4811,-0.0313,0.0207,-0.3906,-1.2843,-0.4972,0.237
all_features,8,0.03,10.0,0.4313,-0.0453,0.0321,0.5047,-0.0242,0.0204,-0.364,-0.8288,-0.5824,0.2796
